date,state,city_or_county,address,n_killed,n_injured,incident_url,source_url
"January 1, 2013",Pennsylvania,Mckeesport,1506 Versailles Avenue and Coursin Street,0,4,http://www.gunviolencearchive.org/incident/461105,http://www.post-gazette.com/local/south/2013/01/17/Man-arrested-in-New-Year-s-Eve-shooting-in-McKeesport/stories/201301170275
"January 1, 2013",California,Hawthorne,13500 block of Cerise Avenue,1,3,http://www.gunviolencearchive.org/incident/460726,http://www.dailybulletin.com/article/zz/20130105/NEWS/130109127
"January 1, 2013",Ohio,Lorain,1776 East 28th Street,1,3,http://www.gunviolencearchive.org/incident/478855,http://chronicle.northcoastnow.com/2013/02/14/2-men-indicted-in-new-years-day-lorain-murder/
"January 5, 2013",Colorado,Aurora,16000 block of East Ithaca Place,4,0,http://www.gunviolencearchive.org/incident/478925,http://www.dailydemocrat.com/20130106/aurora-shootout-killer-was-frenetic-talented-neighbor-says
"January 7, 2013",North Carolina,Greensboro,307 Mourning Dove Terrace,2,2,http://www.gunviolencearchive.org/incident/478959,http://www.journalnow.com/news/local/article_d4c723e8-5a0f-11e2-a1fa-0019bb30f31a.html
"January 7, 2013",Oklahoma,Tulsa,6000 block of South Owasso,4,0,http://www.gunviolencearchive.org/incident/478948,http://usnews.nbcnews.com/_news/2013/01/07/16397584-police-four-women-found-dead-in-tulsa-okla-apartment?lite
"January 19, 2013",New Mexico,Albuquerque,2806 Long Lane,5,0,http://www.gunviolencearchive.org/incident/479363,http://hinterlandgazette.com/2013/01/pastor-greg-griego-identified-victims-killed-nehemiah-griego-albuquerque-nm-shooting.html
"January 21, 2013",Louisiana,New Orleans,LaSalle Street and Martin Luther King Jr. Boulevard,0,5,http://www.gunviolencearchive.org/incident/479374,http://www.nola.com/crime/index.ssf/2013/01/nopd_4_people_shot_in_central.html
"January 21, 2013",California,Brentwood,1100 block of Breton Drive,0,4,http://www.gunviolencearchive.org/incident/479389,http://sanfrancisco.cbslocal.com/2013/01/22/4-teens-hurt-in-drive-by-shooting-in-brentwood/
"January 23, 2013",Maryland,Baltimore,1500 block of W. Fayette St.,1,6,http://www.gunviolencearchive.org/incident/492151,http://www.abc2news.com/news/crime-checker/baltimore-city-crime/mother-of-murdered-15-yo-speaks-out
"January 23, 2013",Tennessee,Chattanooga,1501 Dodds Ave,1,3,http://www.gunviolencearchive.org/incident/491674,http://www.wrcbtv.com/story/22664154/one-dead-in-chattanooga-shooting
"January 25, 2013",Missouri,Saint Louis,W Florissant Ave and Riverview Blvd,1,3,http://www.gunviolencearchive.org/incident/479413,http://stlouis.cbslocal.com/2013/01/25/one-dead-four-wounded-in-drive-by-shooting/
"January 26, 2013",Louisiana,Charenton,1000 block of Flat Town Road,2,3,http://www.gunviolencearchive.org/incident/479561,http://www.huffingtonpost.com/2013/01/27/wilbert-thibodeaux-arrested_n_2561190.html
"January 26, 2013",District of Columbia,Washington,2403 Benning Road Northeast,0,5,http://www.gunviolencearchive.org/incident/479554,http://www.washingtontimes.com/news/2013/jan/29/dc-police-release-person-interest-photos-club-shoo/
"January 26, 2013",Ohio,Springfield,601 West Main Street,1,3,http://www.gunviolencearchive.org/incident/479460,http://www.whio.com//news/news/crime-law/arrest-made-in-nite-owl-homicide/nWsp4/
"February 2, 2013",Tennessee,Memphis,2514 Mount Moriah,0,5,http://www.gunviolencearchive.org/incident/479573,https://www.highbeam.com/doc/1P2-34349822.html
"February 3, 2013",California,Yuba (county),5800 block of Poplar Avenue,1,3,http://www.gunviolencearchive.org/incident/479580,http://sacramento.cbslocal.com/2013/02/04/1-dead-3-hurt-in-olivehurst-shooting/
"February 7, 2013",Illinois,Chicago,2500 block of East 75th Street,0,4,http://www.gunviolencearchive.org/incident/479592,http://chicago.cbslocal.com/2013/02/07/four-wounded-in-south-shore-shooting/
"February 9, 2013",Louisiana,New Orleans,400 block of Bourbon Street,0,4,http://www.gunviolencearchive.org/incident/479603,http://www.nola.com/crime/index.ssf/2013/04/suspect_sought_in_bourbon_stre.html
"February 11, 2013",California,Vallejo,800 block of Humboldt Street,1,4,http://www.gunviolencearchive.org/incident/480311,http://archive.news10.net/news/article/229997/2/5-shot-in-Vallejo-dead-victim-identified
"February 11, 2013",Delaware,Wilmington,500 North King Street,3,2,http://www.gunviolencearchive.org/incident/480327,http://www.philly.com/philly/news/Police_ID_victims_in_Wilmington_courthouse_shooting.html
"February 12, 2013",Utah,Midvale,8286 Adams Street and 450 West Street,4,1,http://www.gunviolencearchive.org/incident/480344,
"February 19, 2013",California,Orange (county),Katella Avenue,4,3,http://www.gunviolencearchive.org/incident/480358,http://www.dailymail.co.uk/news/article-2281171/California-shooting-suspect-Ali-Syed-gunned-woman-bloody-25-minute-murder-spree.html
"February 21, 2013",Oklahoma,Tulsa,1200 block of North 89th East Avenue,1,3,http://www.gunviolencearchive.org/incident/480383,http://www.krmg.com/news/news/local/more-details-emerging-shooting-rampage-spartan-lan/nWXMX/
"February 22, 2013",Michigan,Grand Rapids,1447 Grandville Ave. SW,0,4,http://www.gunviolencearchive.org/incident/480401,http://www.mlive.com/news/grand-rapids/index.ssf/2013/03/whos_to_blame_for_new_roosevel.html
"February 23, 2013",California,Lancaster,43145 Business Center Parkway,0,4,http://www.gunviolencearchive.org/incident/480407,http://latimesblogs.latimes.com/lanow/2013/02/suspects-sought-in-shooting-outside-lancaster-club.html
"February 24, 2013",Georgia,Macon,2800 block of Mercer University Drive,0,8,http://www.gunviolencearchive.org/incident/480443,http://www.macon.com/news/local/crime/article30130797.html
"March 2, 2013",Louisiana,Shreveport,7000 block of Burlingame Boulevard,1,3,http://www.gunviolencearchive.org/incident/481186,http://www.shreveportla.gov/DocumentCenter/View/1193
"March 3, 2013",Georgia,Moultrie,224 Second Street Northwest,2,2,http://www.gunviolencearchive.org/incident/481198,http://www.moultrieobserver.com/news/jury-says-not-guilty/article_013dc4e6-6ad4-11e4-a86b-ef334c46f871.html
"March 3, 2013",Michigan,Saginaw (county),4030 Dixie Hwy,0,4,http://www.gunviolencearchive.org/incident/481208,http://www.mlive.com/news/saginaw/index.ssf/2013/03/police_gang-related_shootout_a.html
"March 4, 2013",California,Los Banos,800 block of La Mesa Lane,1,3,http://www.gunviolencearchive.org/incident/481213,http://www.mercedsunstar.com/news/local/article3286805.html
"March 5, 2013",Indiana,Indianapolis,1800 block of Edinburge Square,1,3,http://www.gunviolencearchive.org/incident/481220,http://www.wthr.com/story/21528147/multiple-people-shot-at-east-indianapolis-residence
"March 7, 2013",Mississippi,Jackson,2900 block of Greenwood Avenue,2,2,http://www.gunviolencearchive.org/incident/481229,http://www.wapt.com/news/central-mississippi/jackson/sentencing-set-for-man-convicted-in-quadruple-shooting/28088370
"March 10, 2013",Missouri,Kansas City,9331 Hillcrest Rd,0,5,http://www.gunviolencearchive.org/incident/481237,http://m.columbiatribune.com/news/five-shot-during-kansas-city-concert/article_44d12a66-8a77-11e2-af1d-10604b9f6eda.html
"March 11, 2013",District of Columbia,Washington,1200 North Capitol Street,0,13,http://www.gunviolencearchive.org/incident/482771,https://www.washingtonpost.com/local/police-seek-two-men-in-connection-with-shooting-that-injured-13/2013/03/14/4fa6145a-8cda-11e2-9838-d62f083ba93f_story.html
"March 13, 2013",California,Oceanside,504 Calle Montecito,2,2,http://www.gunviolencearchive.org/incident/482801,http://www.sandiegouniontribune.com/news/2014/dec/16/libby-lake-gang-shootings-death-penalty/
"March 13, 2013",New York,Mohawk,17 W Main St,6,2,http://www.gunviolencearchive.org/incident/482856,http://www.syracuse.com/news/index.ssf/2013/03/herkimer_county_fatal_shooting.html
"March 14, 2013",California,Modesto,1400 block of Western Way,0,4,http://www.gunviolencearchive.org/incident/482838,https://www.youtube.com/watch?v=3JHY2dsaqrI
"March 16, 2013",California,Galt,Dover Drive,0,7,http://www.gunviolencearchive.org/incident/482926,http://fox40.com/2013/03/16/mass-casualty-incident-declared-in-galt-after-reported-shooting/
"March 17, 2013",California,Stockton,1800 block of East Sonora Street,2,3,http://www.gunviolencearchive.org/incident/482934,http://archive.news10.net/rss/article/237015/479/Police-continue-to-investigate-Stockton-shooting-after-suspect-cleared
"March 17, 2013",Florida,Belle Glade,Northwest 16th Street and Northwest Avenue L,0,5,http://www.gunviolencearchive.org/incident/482942,http://www.wpbf.com/news/south-florida/palm-beach-county-news/5-wounded-in-shooting-at-Club-21-in-Belle-Glade/19350878
"March 21, 2013",Illinois,Chicago,West 87th Street and Ashland Avenue,0,7,http://www.gunviolencearchive.org/incident/483737,http://www.dnainfo.com/chicago/20130321/auburn-gresham/shooting-at-record-release-party-leaves-seven-wounded
"March 21, 2013",Missouri,Kansas City,4900 block of Brookside Blvd,1,3,http://www.gunviolencearchive.org/incident/483765,http://www.kmbc.com/news/1-dead-in-Brookside-Boulevard-quadruple-shooting/19423270
"March 22, 2013",New York,Brooklyn,2703 W. 33rd Street,1,3,http://www.gunviolencearchive.org/incident/483788,http://www.nytimes.com/2013/03/23/nyregion/man-killed-in-coney-island-shooting-three-are-wounded.html?_r=0
"March 30, 2013",California,Merced (county),9200 block of Westside Boulevard,3,2,http://www.gunviolencearchive.org/incident/483835,http://www.sacbee.com/news/article2604101.html
"March 31, 2013",Washington,Auburn,2802 Auburn Way North,3,2,http://www.gunviolencearchive.org/incident/483817,http://www.auburn-reporter.com/news/299950811.html
"April 6, 2013",South Carolina,Greenwood,Tabor Street,1,4,http://www.gunviolencearchive.org/incident/483861,http://gwdtoday.com/main.asp?SectionID=2&SubSectionID=27&ArticleID=24847
"April 7, 2013",New York,New York (Manhattan),900 Garden Way,1,3,http://www.gunviolencearchive.org/incident/483872,http://www.jcpost.com/2013/04/08/riley-county-police-make-arrest-in-fatal-shooting-investigation/
"April 7, 2013",California,Long Beach,300 block of East Home Street,1,3,http://www.gunviolencearchive.org/incident/483878,http://patch.com/california/longbeach-ca/man-dies-from-gunshot-wound
"April 9, 2013",Pennsylvania,Philadelphia,Somerset Street and Lee Street,1,3,http://www.gunviolencearchive.org/incident/484268,http://guncrisis.org/2013/04/10/quadruple-shooting-sets-off-violent-night-in-philadelphia/
"April 10, 2013",California,Vallejo,1800 block of Mini Drive,0,4,http://www.gunviolencearchive.org/incident/484279,http://abclocal.go.com/story?section=news/local/north_bay&id=9061192
"April 14, 2013",Kentucky,Lexington,750 East New Circle Rd,1,4,http://www.gunviolencearchive.org/incident/484287,http://www.wlky.com/news/local-news/kentucky-news/police-make-arrest-in-bowling-alley-shooting/20644068
"April 14, 2013",Arizona,Phoenix,12400 North 25th Avenue,2,4,http://www.gunviolencearchive.org/incident/484307,http://ktar.com/story/71788/2-dead-4-wounded-in-drive-by-shooting-in-north-phoenix/
"April 18, 2013",Ohio,Akron,Kimlyn Circle,4,0,http://www.gunviolencearchive.org/incident/484317,http://www.huffingtonpost.com/2013/04/19/ohio-basement-murders-cop_n_3114243.html
"April 21, 2013",Washington,Federal Way,33300 block of 18th Lane South,5,0,http://www.gunviolencearchive.org/incident/484333,http://blogs.seattletimes.com/today/2013/04/5-dead-in-federal-way-shooting/
"April 22, 2013",Illinois,Chicago (Englewood),5700 block of South Lowe Avenue,0,4,http://www.gunviolencearchive.org/incident/484351,http://www.dnainfo.com/chicago/20130422/englewood/four-wounded-afternoon-shooting-englewood
"April 22, 2013",Louisiana,Harvey,2300 block of Lapalco Boulevard,0,5,http://www.gunviolencearchive.org/incident/485746,http://theadvocate.com/news/neworleans/13833714-148/high-profile-harvey-hustlers-trial-underway
"April 24, 2013",Illinois,Manchester,East Street,6,1,http://www.gunviolencearchive.org/incident/485811,http://fox2now.com/2013/04/25/family-needs-help-to-bury-manchester-il-shooting-victims/
"April 25, 2013",Ohio,Oberlin,500 block of West College Street,0,4,http://www.gunviolencearchive.org/incident/489185,http://chronicle.northcoastnow.com/2013/11/08/jury-refuses-indictment-in-oberlin-shooting-case/
"April 27, 2013",Florida,Williston,County Road 318,1,3,http://www.gunviolencearchive.org/incident/485821,https://www.youtube.com/watch?v=AzC_jFR7k6c
"April 28, 2013",North Carolina,Charlotte,William Reynolds Drive,0,5,http://www.gunviolencearchive.org/incident/485874,http://www.wcnc.com/story/news/local/2014/07/02/10993474/
"April 28, 2013",Pennsylvania,Chester,Rose and Upland Street,1,3,http://www.gunviolencearchive.org/incident/485885,http://several%20men%20inside%20the%20vehicle%20pointed%20weapons%20out%20of%20the%20window%20and%20opened%20fire%2C/
"April 28, 2013",Tennessee,Jackson,438 East Main Street,2,2,http://www.gunviolencearchive.org/incident/485979,https://www.wbbjtv.com/2014/02/19/jury-returns-with-verdict-in-downtown-double-homicide/
"May 2, 2013",Maryland,Baltimore,600 block of Cokesbury Ave,1,0,http://www.gunviolencearchive.org/incident/984353,http://abcnews.go.com/US/wireStory/baltimore-gang-member-admits-killing-witness-2013-51040451
"May 2, 2013",New Jersey,Newark,804 S. 16th St,0,5,http://www.gunviolencearchive.org/incident/486005,http://www.nj.com/essex/index.ssf/2013/05/five_shot_in_newark_after_mour.html
"May 4, 2013",North Carolina,Smithfield,150 South Equity Drive,0,4,http://www.gunviolencearchive.org/incident/486027,http://www.wxii12.com/news/local-news/north-carolina/4-bystanders-injured-in-smithfield-bar-shooting/20015078
"May 5, 2013",California,Palo Alto,Bay Road and University Avenue,0,5,http://www.gunviolencearchive.org/incident/486056,http://paloaltoonline.com/news/2013/05/05/six-people-injured-in-east-palo-alto-shooting
"May 6, 2013",Pennsylvania,Johnstown,Horner and Messenger streets,0,4,http://www.gunviolencearchive.org/incident/486068,http://www.tribdem.com/news/local_news/police-question-men-wounded-in-shooting/article_30bc352d-dba2-5075-887b-4c1d3665cbcf.html
"May 10, 2013",California,Los Angeles,1600 block of West 205th Street,3,1,http://www.gunviolencearchive.org/incident/486109,http://articles.latimes.com/2013/may/10/local/la-me-0511-triple-murder-20130511
"May 11, 2013",Pennsylvania,Philadelphia,21st Street and Medary Avenue,0,4,http://www.gunviolencearchive.org/incident/486121,http://articles.philly.com/2013-05-14/news/39230986_1_apparent-drive-by-shooting-three-teenagers-stop-sign
"May 11, 2013",New Jersey,Jersey City,Fremont Street,0,4,http://www.gunviolencearchive.org/incident/486244,http://newyork.cbslocal.com/2013/05/11/4-shot-wounded-in-jersey-city-public-housing-development/
"May 11, 2013",Indiana,Columbus,E Main Cross St,5,0,http://www.gunviolencearchive.org/incident/486142,http://article.wn.com/view/2015/02/25/Samuel_Sallee_found_guilty_in_Waynesville_quadruple_murder/
"May 12, 2013",Arizona,Apache Junction,3600 block of East Apache Trail,0,5,http://www.gunviolencearchive.org/incident/486153,http://www.cbs5az.com/story/22228993/trial-set-for-az-man-in-motorcycle-gang-shootout
"May 12, 2013",Louisiana,New Orleans,Frenchmen Street,0,19,http://www.gunviolencearchive.org/incident/486209,http://www.nola.com/crime/index.ssf/2015/09/mothers_day_shooting_suspects_4.html
"May 13, 2013",Ohio,Cincinnati,Kings Run Road,0,4,http://www.gunviolencearchive.org/incident/486316,http://www.wlwt.com/news/local-news/cincinnati/four-wounded-in-winton-hills-shootings/20125324
"May 14, 2013",New Jersey,Delanco,Delaware Ave,0,2,http://www.gunviolencearchive.org/incident/1007785,http://www.burlingtoncountytimes.com/news/20171214/man-charged-in-shooting-incident-with-delanco-cop-not-guilty-by-reason-of-insanity
"May 15, 2013",Michigan,Detroit,9000 block of Carlin,1,4,http://www.gunviolencearchive.org/incident/486327,http://detroit.cbslocal.com/2013/05/16/4-shot-1-killed-during-argument-in-detroit/
"May 16, 2013",Pennsylvania,Philadelphia,2600 block of Daggett Street,0,4,http://www.gunviolencearchive.org/incident/486334,http://articles.philly.com/2013-05-17/news/39312815_1_graze-wound-stray-bullet-stable-condition
"May 18, 2013",New York,Jamaica,Sutphin Blvd and Rockaway Blvd,1,0,http://www.gunviolencearchive.org/incident/873575,http://qns.com/story/2017/06/22/second-shooter-convicted-fatally-shooting-jamaica-teenager-riding-bus/
"May 18, 2013",Virginia,Victoria,2073 Pleasant Oak Rd,0,4,http://www.gunviolencearchive.org/incident/486611,http://southsidemessenger.com/shooter-accepts-25-year-prison-sentence-for-wounding-4-men-in-lunenburg-county/
"May 19, 2013",Tennessee,Memphis,2281 Ketchum Rd,2,2,http://www.gunviolencearchive.org/incident/486586,http://wreg.com/2013/05/19/4-shot-2-killed-in-south-memphis-apartment-complex/
"May 19, 2013",Michigan,Detroit,N/A,0,4,http://www.gunviolencearchive.org/incident/486605,http://detroit.cbslocal.com/tag/drive-by-shooting/feed/
"May 20, 2013",Illinois,Chicago,5200 block of West Iowa Street,0,4,http://www.gunviolencearchive.org/incident/486617,http://www.chicagotribune.com/news/local/breaking/chi-man-shot-in-the-head-on-the-south-side-20130520-story.html
"May 23, 2013",Tennessee,Bean Station,1034 Main Street,2,2,http://www.gunviolencearchive.org/incident/486623,http://legacy.wbir.com/story/news/local/hamblen-jefferson-cocke-greene/2014/10/01/developing-pharmacy-shooting-suspect-to-make-plea-deal/16526831/
"May 24, 2013",California,Bakersfield,3700 block of Columbus Street,2,2,http://www.gunviolencearchive.org/incident/486971,http://bakersfieldnow.com/news/local/man-in-court-for-2013-double-homicide
"May 25, 2013",Michigan,Flint,1100 block of Paterson,1,3,http://www.gunviolencearchive.org/incident/486977,http://www.mlive.com/news/flint/index.ssf/2015/03/flint_man_not_guilty_of_murder.html
"May 25, 2013",Virginia,Hampton,1900 block of Coliseum Drive,1,4,http://www.gunviolencearchive.org/incident/486998,http://wavy.com/2014/04/15/charges-could-be-dropped-in-hampton-carnival-shooting/
"May 28, 2013",Tennessee,Memphis,2850 Brewer Avenue,1,3,http://www.gunviolencearchive.org/incident/487052,http://www.wmcactionnews5.com/story/22444072/gunfire-rocks-neighborhood-four-people-shot
"May 29, 2013",Illinois,Chicago,N/A,0,4,http://www.gunviolencearchive.org/incident/487082,http://www.dnainfo.com/chicago/20130521/bronzeville/one-killed-four-wounded-overnight-shootings
"May 31, 2013",Georgia,Atlanta,1000 block of Fair Street,0,4,http://www.gunviolencearchive.org/incident/487088,
"June 1, 2013",Wisconsin,Milwaukee,4126 N Teutonia Ave,0,4,http://www.gunviolencearchive.org/incident/487261,http://www.jsonline.com/news/regional-news-briefs-b9924216z1-209817861.html
"June 1, 2013",California,Vallejo,1st block of Linfield Drive,2,2,http://www.gunviolencearchive.org/incident/489314,http://www.sfgate.com/crime/article/2-killed-2-hurt-in-Vallejo-shooting-4569496.php
"June 2, 2013",Indiana,Indianapolis,1913 East 46th Street,0,4,http://www.gunviolencearchive.org/incident/487266,http://www.indystar.com/article/20130602/NEWS02/306020016/4-shot-when-violence-breaks-out-at-large-Northside-teen-party
"June 2, 2013",Virginia,Virginia Beach,4000 block of Roebling Lane,0,7,http://www.gunviolencearchive.org/incident/487271,http://articles.dailypress.com/2013-06-02/news/dp-nws-virginia-beach-shooting_1_virginia-beach-shooting-sentara-leigh
"June 2, 2013",Georgia,Lagrange,Union Street,0,7,http://www.gunviolencearchive.org/incident/487435,https://www.facebook.com/permalink.php?id=313979908643128&story_fbid=540014446039672
"June 7, 2013",California,Santa Monica,2036 Yorkshire Ave,6,1,http://www.gunviolencearchive.org/incident/489581,http://www.huffingtonpost.com/2013/06/07/santa-monica-college-shooting_n_3404689.html
"June 9, 2013",Pennsylvania,York,600 block of West Princess Street,0,4,http://www.gunviolencearchive.org/incident/487645,http://fox43.com/2013/06/11/4-injured-in-late-night-york-city-shooting/
"June 10, 2013",Missouri,Saint Louis,4700 block of Highland Ave,0,6,http://www.gunviolencearchive.org/incident/487659,http://fox2now.com/2013/06/12/man-charged-with-shooting-6-people-monday-night/
"June 10, 2013",Illinois,Chicago,5700 block of South Sangamon Street,1,4,http://www.gunviolencearchive.org/incident/487670,http://abc7chicago.com/archive/9134576/
"June 14, 2013",North Carolina,High Point,2201 Little Avenue,0,5,http://www.gunviolencearchive.org/incident/487715,http://www.hpenews.com/news/shooting-leaves-five-injured/article_492d2492-3656-5c9a-96ed-58de798d82fd.html
"June 15, 2013",Rhode Island,Providence,256 Hartford Ave,1,3,http://www.gunviolencearchive.org/incident/488992,http://wpri.com/2014/12/19/luis-fat-boy-gonzalez-to-learn-punishment/
"June 15, 2013",Tennessee,Nashville,135 Brinkhaven Ave,0,4,http://www.gunviolencearchive.org/incident/487833,http://www.timesfreepress.com/news/local/story/2013/jun/16/man-wanted-shooting-nashville-family-surrenders/110980/
"June 15, 2013",Texas,Houston,9780 Bissonnet,1,3,http://www.gunviolencearchive.org/incident/487891,http://www.houstontx.gov/police/nr/2013/jun/nr061713-6.htm
"June 16, 2013",Illinois,Chicago,900block of East 79th Street,1,3,http://www.gunviolencearchive.org/incident/488134,http://wgntv.com/2013/06/16/shooting-in-chatham-club-kills-one-injures-three/
"June 21, 2013",Virginia,Norfolk,1225 Tidewater Drive,0,6,http://www.gunviolencearchive.org/incident/488505,http://www.13newsnow.com/story/news/2014/09/09/14816936/
"June 21, 2013",North Carolina,Greenville,205 Greenville Blvd SW,0,5,http://www.gunviolencearchive.org/incident/488547,http://www.wcti12.com/news/suspect-in-walmart-shooting-expected-to-make-plea/29380176
"June 21, 2013",Illinois,Chicago,2900 block of North Kilpatrick Avenue,1,3,http://www.gunviolencearchive.org/incident/488426,http://chicago.cbslocal.com/tag/miguel-vazquez/
"June 22, 2013",Maryland,Baltimore,700 block of N. Kenwood Avenue,1,4,http://www.gunviolencearchive.org/incident/488833,https://www.baltimorebrew.com/2013/06/26/police-chief-defends-himself-in-wake-of-murder-spike/
"June 22, 2013",Rhode Island,Providence,55 Curtis,0,4,http://www.gunviolencearchive.org/incident/488970,http://turnto10.com/archive/four-people-shot-overnight-in-providence
"June 23, 2013",Tennessee,Chattanooga,1501 Dodds Ave,1,4,http://www.gunviolencearchive.org/incident/489061,http://www.wrcbtv.com/story/29392336/crime-stoppers-two-years-since-demetrius-davis-was-murdered
"June 23, 2013",California,Sacramento,Sea Drift Way,1,3,http://www.gunviolencearchive.org/incident/489096,http://sacda.org/media/2015-archives/9915-gang-member-convicted-1st-degree-murder-shooting-occupied-vehicle/
"June 23, 2013",Missouri,Kansas City,1917 Prospect Ave,1,8,http://www.gunviolencearchive.org/incident/489105,http://fox4kc.com/2013/06/23/prospect-shooting-spree-puts-nine-in-hospital-two-critically-hurt/
"June 23, 2013",Louisiana,New Orleans,5700 block of Wickfield Drive,0,4,http://www.gunviolencearchive.org/incident/489121,http://www.wwltv.com/story/news/crime/2014/09/03/14595744/
"June 23, 2013",Virginia,Virginia Beach,4600 block of Columbus Street,1,4,http://www.gunviolencearchive.org/incident/489129,http://www.13newsnow.com/story/news/2014/09/09/14817524/
"June 24, 2013",Missouri,Kansas City,1711 Kansas Avenue,1,3,http://www.gunviolencearchive.org/incident/489934,http://fox4kc.com/2013/06/24/1-dead-2-injured-in-kc-shooting/
"June 25, 2013",Illinois,Chicago,73rd Street and King Drive,1,4,http://www.gunviolencearchive.org/incident/489987,http://www.chicagotribune.com/news/local/breaking/chi-mother-of-slain-teen-asks-what-happened-to-my-baby-20130710-story.html
"June 27, 2013",California,Three Rivers,39553-39833 Sierra Dr,2,2,http://www.gunviolencearchive.org/incident/490048,http://fsg.stparchive.com/Archive/FSG/FSG07032013p01.php
"June 28, 2013",Illinois,Chicago,4800 block of North Sheridan Road,0,6,http://www.gunviolencearchive.org/incident/490115,http://www.huffingtonpost.com/2013/06/29/uptown-driveby-shooting-6_n_3521906.html?utm_hp_ref=chicago
"June 29, 2013",South Carolina,North Charleston,4400 Dorchester Road; Suite 115,3,1,http://www.gunviolencearchive.org/incident/490150,http://www.ksla.com/story/23146180/attorneys-for-cycle-gear-murder-suspect-request-bond-hearing
"June 30, 2013",Colorado,Aurora,2300 block of Paris St,0,4,http://www.gunviolencearchive.org/incident/490166,
"June 30, 2013",New York,Brooklyn,616 E. 52nd Street,0,9,http://www.gunviolencearchive.org/incident/490226,http://www.wptv.com/news/national/brooklyn-shooting-tyrone-brown-arrested-in-connection-with-crime-in-east-flatbush-neighborhood
"July 1, 2013",Texas,Fort Worth,2900 block of Pate Drive,4,0,http://www.gunviolencearchive.org/incident/490245,http://crimeblog.dallasnews.com/2013/07/man-arrested-in-connection-with-three-shooting-deaths-in-fort-worth.html/
"July 1, 2013",New York,Locust Valley,99 Horse Hollow Rd,0,1,http://www.gunviolencearchive.org/incident/893251,https://patch.com/new-york/glencove/drug-suspect-shot-by-police-idd
"July 2, 2013",New Jersey,Jersey City,Dwight St,1,0,http://www.gunviolencearchive.org/incident/1023908,http://www.nj.com/hudson/index.ssf/2018/01/murder_trial_of_man_killed_outside_jersey_city_par.html#incart_river_index
"July 4, 2013",Illinois,Chicago,6000 block of South Cottage Grove Avenue,0,4,http://www.gunviolencearchive.org/incident/490335,http://www.chicagotribune.com/news/local/breaking/chi-man-wounded-in-south-side-shooting-20130704-story.html
"July 4, 2013",Michigan,Pontiac,441 N Perry St,1,6,http://www.gunviolencearchive.org/incident/490351,http://www.theoaklandpress.com/article/OP/20130821/NEWS/308219897
"July 6, 2013",New York,Brooklyn,472 Marcy Avenue,1,3,http://www.gunviolencearchive.org/incident/490750,http://brooklynda.org/2015/03/18/brooklyn-man-sentenced-to-47-years-to-life-in-prison-for-quadruple-shooting-in-gang-dispute-at-basketball-tournament/
"July 6, 2013",Alabama,Florence,West Mobile Street,0,4,http://www.gunviolencearchive.org/incident/490395,http://www.waff.com/story/22766314/4-taken-to-hospital-after-shooting-in-florence
"July 7, 2013",Illinois,Chicago,11300 block of South Forest Avenue,0,5,http://www.gunviolencearchive.org/incident/490772,https://www.dnainfo.com/chicago/20130711/roseland/man-claims-self-defense-after-shooting-five-people-at-his-home
"July 7, 2013",Mississippi,Meridian,2500 block of 5th Street,0,4,http://www.gunviolencearchive.org/incident/490767,http://www.wtok.com/news/headlines/MPD-Investigating-Quadruple-Shooting--214541691.html?ref=691u
"July 7, 2013",California,Stockton,2600 block of Connecticut Avenue,1,4,http://www.gunviolencearchive.org/incident/490893,http://www.stocktongov.com/files/020314_VIC_POSADA.pdf
"July 7, 2013",Florida,Pompano Beach,1600 block of Northwest 7th Lane,1,3,http://www.gunviolencearchive.org/incident/490793,http://miami.cbslocal.com/2013/07/07/pompano-beach-robbery-attempt-turns-deadly/
"July 9, 2013",Maryland,Baltimore,600 block of N. Carrollton Ave,0,4,http://www.gunviolencearchive.org/incident/490909,http://www.wbaltv.com/news/maryland/baltimore-city/man-faces-35-charges-in-quadruple-shooting/21001854
"July 9, 2013",Illinois,Rockford,600 block of Woodlawn Avenue,2,2,http://www.gunviolencearchive.org/incident/490917,http://www.saukvalley.com/2013/07/11/police-2-dead-2-injured-in-shootings/avpv0zm/
"July 11, 2013",North Carolina,Charlotte,6300 block of Reagan Drive,2,2,http://www.gunviolencearchive.org/incident/490922,http://qcitymetro.com/2013/07/19/man_arrested_in_suspected_driveby_shooting123927915/
"July 12, 2013",California,San Francisco,3192 16th St,1,3,http://www.gunviolencearchive.org/incident/490943,http://sanfrancisco.cbslocal.com/2013/07/08/man-dies-from-injuries-suffered-in-sf-mission-district-shooting/
"July 12, 2013",Kentucky,Greensburg,194 C Mays Rd,2,2,http://www.gunviolencearchive.org/incident/490954,
"July 13, 2013",New Jersey,Trenton (Hamilton Township),1100 block of Deutz Ave,1,4,http://www.gunviolencearchive.org/incident/490932,http://philadelphia.cbslocal.com/2013/07/13/1-dead-4-injured-in-hamilton-twp-birthday-party-shooting/
"July 13, 2013",Oklahoma,Oklahoma City,5405 N. Lincoln Blvd,1,3,http://www.gunviolencearchive.org/incident/490963,http://www.news9.com/story/22842674/okc-police-identify-victims-of-fatal-quadruple-shooting
"July 13, 2013",District of Columbia,Washington,2700 block of Stanton Road,0,4,http://www.gunviolencearchive.org/incident/490979,http://www.nbcwashington.com/news/local/PD-Men-Enter-and-Exit-Metrobus-Shoot-at-Pedestrians-215573571.html
"July 13, 2013",Ohio,Campbell,Seventh Street,0,4,http://www.gunviolencearchive.org/incident/491162,http://www.vindy.com/news/2013/jul/22/campbell/?nw
"July 14, 2013",Michigan,Grand Rapids (Kentwood),Farmview Ct SE,0,5,http://www.gunviolencearchive.org/incident/491037,
"July 14, 2013",Kansas,Wichita,11th Street and Mead,1,4,http://www.gunviolencearchive.org/incident/491001,http://www.kansas.com/news/local/crime/article6655236.html
"July 17, 2013",California,Oakland,3400 block of Wilson Avenue,1,3,http://www.gunviolencearchive.org/incident/491046,http://www.contracostatimes.com/news/ci_24214195/oakland-two-arrested-july-slaying-8-year-old
"July 19, 2013",California,Madera,Yosemite Avenue and Cleveland,0,4,http://www.gunviolencearchive.org/incident/491073,http://abc30.com/archive/9176737/
"July 19, 2013",Connecticut,Hartford,3155 Main St,0,4,http://www.gunviolencearchive.org/incident/491082,http://articles.courant.com/2013-07-19/community/hc-hartford-shooting-vibes-club-0720-20130719_1_graze-wound-18-year-old-man-10-gunshots
"July 20, 2013",New York,Brooklyn,Grove Street,0,5,http://www.gunviolencearchive.org/incident/491181,http://www.latinospost.com/articles/24297/20130724/5-shot-revenge-shooting-brooklyn-park-suspect-police-custody-massachusetts.htm
"July 21, 2013",New York,Brooklyn,1445 Lincoln Place,0,4,http://www.gunviolencearchive.org/incident/491214,http://brooklyn.news12.com/news/3-men-1-woman-wounded-in-quadruple-shooting-on-lincoln-place-in-crown-heights-1.5740597
"July 24, 2013",Kansas,Topeka,221 SE Lawrence St,0,4,http://www.gunviolencearchive.org/incident/491226,http://www.kake.com/home/headlines/4-Injured-In-Drive-By-Shooting-In-Topeka-216914861.html
"July 25, 2013",Michigan,Inkster,Oakwood Street,0,4,http://www.gunviolencearchive.org/incident/491243,http://detroit.cbslocal.com/2013/07/26/4-injured-in-apparent-drive-by-shooting-in-inkster/http://detroit.cbslocal.com/2013/07/26/4-injured-in-apparent-drive-by-shooting-in-inkster/
"July 26, 2013",West Virginia,Clarksburg,743 Locust Avenue,4,0,http://www.gunviolencearchive.org/incident/491253,http://www.wboy.com/story/22937993/3-dead-and-one-transported-to-the-hosptal
"July 26, 2013",Florida,Hialeah,1485 W 46th St,7,0,http://www.gunviolencearchive.org/incident/491265,https://en.wikipedia.org/wiki/2013_Hialeah_shooting
"July 28, 2013",Texas,Dallas,2400 block of Royal Lane,0,4,http://www.gunviolencearchive.org/incident/491287,http://www.nbcdfw.com/news/local/Four-Wounded-In-McDonalds-Parking-Lot-Gunfire-217316361.html
"July 29, 2013",Washington,Granger,300 block of S. Outlook Rd.,0,4,http://www.gunviolencearchive.org/incident/491281,http://www.tri-cityherald.com/news/local/crime/article32135625.html
"July 30, 2013",New Mexico,Hobbs,2000 block of North Bensing Rd,0,4,http://www.gunviolencearchive.org/incident/491292,http://www.newswest9.com/story/22981254/four-people-hurt-after-shooting-in-lea-county-officials-searching-for-suspect
"August 2, 2013",New Jersey,Newark,Livingston St. and 18th Avenue,2,3,http://www.gunviolencearchive.org/incident/491416,http://abc7ny.com/archive/9194102/
"August 2, 2013",Indiana,Indianapolis,62nd and College Ave,0,4,http://www.gunviolencearchive.org/incident/491438,http://www.wthr.com/story/23025888/2013/08/02/multiple-people-shot-in-broad-ripple
"August 3, 2013",Michigan,Detroit,Murray Hill St,0,5,http://www.gunviolencearchive.org/incident/491461,http://www.clickondetroit.com/news/local/detroit/5-shot-including-2-children-outside-detroit-home
"August 4, 2013",California,Salinas,624 Williams Road,3,4,http://www.gunviolencearchive.org/incident/491473,http://www.montereyherald.com/article/ZZ/20140530/NEWS/140539692
"August 4, 2013",Missouri,Kansas City,2400 block of Park Avenue,1,3,http://www.gunviolencearchive.org/incident/491546,http://www.kctv5.com/story/23040380/teen-killed-in-quadruple-shooting-in-east-kc
"August 5, 2013",Pennsylvania,Philadelphia,5100 Parrish St,1,0,http://www.gunviolencearchive.org/incident/964573,http://www.philly.com/philly/news/crime/feds-charge-13-in-w-philly-drug-gang-war-20171019.html
"August 6, 2013",Pennsylvania,Saylorsburg,1000 Ross Municipal Dr,3,4,http://www.gunviolencearchive.org/incident/491609,http://www.mcall.com/news/breaking/mc-pa-rockne-newell-ross-township-shooting-guilty-20150529-story.html
"August 6, 2013",New Jersey,Montclair,Mission Street,0,4,http://www.gunviolencearchive.org/incident/491630,http://www.northjersey.com/news/mayhem-on-montclair-s-mission-street-1.617723?page=allu
"August 7, 2013",Texas,Dallas,7100 block of Long Canyon Trail,4,4,http://www.gunviolencearchive.org/incident/491698,http://crimeblog.dallasnews.com/2013/08/desoto-police-10-year-old-son-of-slain-shooting-victim-identified-erbie-lee-bowser-as-gunman.html/
"August 9, 2013",Missouri,Saint Louis,4200 block of Kossuth Ave,2,2,http://www.gunviolencearchive.org/incident/491734,http://stlouis.cbslocal.com/2013/08/10/north-st-louis-shooting-leaves-two-dead-two-wounded/
"August 10, 2013",Delaware,Wilmington,1200 block of Second Street,0,4,http://www.gunviolencearchive.org/incident/491729,http://6abc.com/archive/9202915/
"August 11, 2013",New York,Brooklyn,395 East 48th Street,0,4,http://www.gunviolencearchive.org/incident/491710,http://www.nbcnewyork.com/news/local/4-Men-Shot-Wounded-Shooting-East-Flatbush-Brooklyn-House-Party-219170081.html
"August 11, 2013",Virginia,Portsmouth,1100 block of Mt. Vernon Ave,1,4,http://www.gunviolencearchive.org/incident/491749,http://www.13newsnow.com/story/news/local/mycity/portsmouth/2014/09/09/14824608/
"August 13, 2013",Pennsylvania,Philadelphia,1100 block of Divinity Street,0,4,http://www.gunviolencearchive.org/incident/491770,http://www.westphillylocal.com/2013/08/13/four-men-shot-near-kingsessing-park/
"August 14, 2013",Oklahoma,Oklahoma City,4601 SE 79,4,0,http://www.gunviolencearchive.org/incident/492001,http://www.koco.com/news/oklahomanews/okc/father-daniel-green-capable-of-killing-his-family/21560934
"August 17, 2013",Pennsylvania,York,376 Walnut St,1,0,http://www.gunviolencearchive.org/incident/1074613,https://www.ydr.com/story/news/local/2018/03/21/york-county-jury-delivers-million-dollar-verdict-against-georges-tavern-security-negligence-murder/444774002/
"August 17, 2013",California,San Francisco,1738 Telegraph Avenue,0,4,http://www.gunviolencearchive.org/incident/491819,http://www.contracostatimes.com/news/ci_23893647/oakland-police-arrest-suspect-uptown-salon-shooting
"August 18, 2013",Illinois,Chicago,100 block of South Springfield,1,3,http://www.gunviolencearchive.org/incident/491840,http://chicago.cbslocal.com/2013/08/19/6-dead-27-wounded-in-weekend-shootings/
"August 18, 2013",South Carolina,Chesterfield,3217 Center Point Rd,1,4,http://www.gunviolencearchive.org/incident/491898,http://www.theexpressnewspaper.com/files/Editions/Pages/09-11-2013/09102013EJAEA01.pdf
"August 18, 2013",Ohio,Toledo,2272 Scottwood Ave,0,4,http://www.gunviolencearchive.org/incident/491937,http://www.toledoblade.com/Police-Fire/2013/08/20/Residentssay-policeresponsetoo-slow.html
"August 18, 2013",New Jersey,Port Norris,1600 block of North Avenue,0,4,http://www.gunviolencearchive.org/incident/491948,http://www.nbcphiladelphia.com/news/local/4-Struck-in-Port-Norris-Shooting-220097981.html
"August 19, 2013",Illinois,Chicago,1011 W. Wilson,1,4,http://www.gunviolencearchive.org/incident/491965,https://www.google.com/url?sa=t&rct=j&q=&esrc=s&source=web&cd=2&cad=rja&uact=8&ved=0ahUKEwjyibiagcTKAhULNz4KHbQ5DUQQFgglMAE&url=http%3A%2F%2Fhomicides.suntimes.com%2F2013%2F11%2F14%2Fupdate-kelsky-patterson-held-on-1m-bond-for-alleged-murder-outside-uptow
"August 20, 2013",Maryland,Baltimore,1200 block of S. Carey St,2,2,http://www.gunviolencearchive.org/incident/491992,http://www.baltimoresun.com/news/maryland/crime/bs-md-ci-mason-double-murder-plea-20150203-story.html
"August 23, 2013",New Jersey,Trenton,Middle Rose St and Brunswick Ave,1,0,http://www.gunviolencearchive.org/incident/958032,http://trenton.homicidewatch.org/2017/10/12/gunman-who-killed-trenton-rapper-young-farr-pleads-guilty/
"August 25, 2013",South Carolina,Latta,214 Willis St,1,3,http://www.gunviolencearchive.org/incident/492260,http://wbtw.com/2013/08/24/one-killed-four-injured-in-dillon-county-shooting/
"August 25, 2013",Minnesota,Minneapolis,2600 block of Cedar and 2600 block of 18th Avenue South,2,2,http://www.gunviolencearchive.org/incident/492270,http://www.hennepinattorney.org/~/media/Attorney/NEWS/2013/sanders-dijoncplt.pdf?la=en
"August 25, 2013",Florida,Lake Butler,1050 Southeast 6th Street,4,1,http://www.gunviolencearchive.org/incident/492276,http://www.usatoday.com/story/news/nation/2013/08/28/workplace-shooting-florida/2712227/
"August 25, 2013",California,Oakland,1300 block of 104th Avenue,0,4,http://www.gunviolencearchive.org/incident/479646,http://www.contracostatimes.com/news/ci_23939970/four-people-including-two-girls-wounded-oakland-shooting
"September 5, 2013",North Carolina,Charlotte,2500 block of Pinckney Avenue,0,4,http://www.gunviolencearchive.org/incident/479682,http://www.crimeincharlotte.com/arrest-made-in-drive-by-shooting-during-anti-violence-vigil/#.Vo1uZlIYFuo
"September 7, 2013",Missouri,Saint Louis,5000 block of Durant Ave,1,3,http://www.gunviolencearchive.org/incident/479727,http://www.stltoday.com/news/local/crime-and-courts/st-louis-man-charged-with-shooting-from-car-killing-man/article_5ed149cc-789e-5187-befc-50288eca5f61.html
"September 7, 2013",Indiana,Gary,9300 block of Sunrise Boulevard,2,4,http://www.gunviolencearchive.org/incident/479709,https://usgunviolence.wordpress.com/2013/09/07/mass-shooting-killed-davaughn-pitts-gary-in/
"September 10, 2013",Connecticut,Bridgeport,Reservoir Ave and Grandview Ave,1,4,http://www.gunviolencearchive.org/incident/479734,http://www.nbcconnecticut.com/news/local/bridgeport-murder-homicide-fatal-shooting-arrest-police-249316381.html
"September 11, 2013",New York,New York,204 Varick St,0,4,http://www.gunviolencearchive.org/incident/479774,http://gothamist.com/2013/09/13/fat_trels_manager_says_shooting_at.php
"September 12, 2013",Tennessee,Crab Orchard,N/A,4,0,http://www.gunviolencearchive.org/incident/479747,http://www.wsmv.com/story/23415177/4-people-found-dead-inside-car-in-cumberland-county
"September 12, 2013",District of Columbia,Washington,First Street and Pierce Street NW,1,3,http://www.gunviolencearchive.org/incident/479757,http://homicidewatch.org/category/victims/page/72/
"September 14, 2013",North Carolina,Marion,80 Finley Road,0,4,http://www.gunviolencearchive.org/incident/479821,http://www.mcdowellnews.com/news/police-vortex-gunman-in-custody/article_6294315c-1f1d-11e3-9e10-0019bb30f31a.html
"September 15, 2013",Georgia,Snellville,4630 Anderson Livsey Lane,3,1,http://www.gunviolencearchive.org/incident/480058,http://www.gwinnettdailypost.com/archive/snellville-triple-murder-suspect-arrested-in-new-orleans/article_764d0ba7-3ec5-50f7-8e9e-acf354999c99.html
"September 15, 2013",Washington,Yakima,2209 W Nob Hill Blvd,0,6,http://www.gunviolencearchive.org/incident/480071,http://www.kapptv.com/article/2013/sep/15/six-people-injured-shooting-outside-yakima-hookah-/
"September 15, 2013",Colorado,Colorado Springs,1609 South Nevada,0,5,http://www.gunviolencearchive.org/incident/480104,http://gazette.com/5-people-wounded-in-colorado-springs-shootings/article/1506251
"September 16, 2013",District of Columbia,Washington Navy Yard,1336 Isaac Hull Ave,11,3,http://www.gunviolencearchive.org/incident/480366,https://www.washingtonpost.com/local/police-search-for-active-shooter-on-grounds-of-washington-navy-yard-in-southeast-dc/2013/09/16/b1d72b9a-1ecb-11e3-b7d1-7153ad47b549_story.html
"September 17, 2013",California,Stockton,700 block of North Airport Way,2,3,http://www.gunviolencearchive.org/incident/480394,http://www.kcra.com/news/local-news/news-stockton/multiple-victims-reported-in-stockton-market-shooting/21992392
"September 17, 2013",Michigan,Lansing,1500 block of Ottawa Street,0,4,http://www.gunviolencearchive.org/incident/480415,http://www.lansingstatejournal.com/story/news/local/2014/08/12/lansing-teen-charged-in-13-shooting-near-sexton-high-school/13963509/
"September 17, 2013",Nevada,Las Vegas,1300 block of Bartlett Avenue,0,4,http://www.gunviolencearchive.org/incident/480453,https://www.reviewjournal.com/news/crime-courts/las-vegas-police-seek-information-drive-shooting
"September 17, 2013",Florida,Kissimmee,Flying Fortress Avenue,0,5,http://www.gunviolencearchive.org/incident/480462,http://articles.orlandosentinel.com/2013-09-19/news/os-kissimmee-shooting-victims-mum-20130919_1_gunshot-victims-stray-bullet-mum
"September 18, 2013",Tennessee,Memphis,1033 Whitaker,1,4,http://www.gunviolencearchive.org/incident/480470,http://www.14news.com/story/23886911/mother-calls-for-justice-after-son-dies-in-shooting-spree
"September 19, 2013",Illinois,Chicago,1809 W 50th St,0,12,http://www.gunviolencearchive.org/incident/480521,http://www.nydailynews.com/news/national/chicago-toddler-smiling-shot-face-article-1.1472401
"September 20, 2013",California,Long Beach,6500 block of Rose Avenue,2,2,http://www.gunviolencearchive.org/incident/480582,http://losangeles.cbslocal.com/2013/09/21/2-men-dead-2-women-wounded-in-long-beach-shooting/
"September 20, 2013",Texas,Rice,700 block of NW 0149,5,0,http://www.gunviolencearchive.org/incident/480605,http://www.corsicanadailysun.com/news/local_news/update-rice-deaths-suspected-as-murder-suicide/article_250814e0-365b-5ed2-ac59-d5502b76dafa.html
"September 21, 2013",Florida,Palm Beach,2600 block of Forest Hill Boulevard,0,4,http://www.gunviolencearchive.org/incident/480632,http://www.wptv.com/news/region-c-palm-beach-county/west-palm-beach/envy-nightclub-shooting-4-shot-in-palm-springs-club-on-forest-hill-blvd#ixzz2fdVoWi4r
"September 22, 2013",Michigan,Muskegon,149 Ottawa Ave,2,4,http://www.gunviolencearchive.org/incident/480669,http://www.mlive.com/news/muskegon/index.ssf/2013/10/prosecutor_car_not_bullet_kill.html
"September 22, 2013",Kansas,Wichita,100 block of N. Mead,1,6,http://www.gunviolencearchive.org/incident/480646,http://www.kake.com/home/headlines/224750592.html
"September 22, 2013",Missouri,Saint Louis,3916 North Florissant Road,1,3,http://www.gunviolencearchive.org/incident/480661,http://www.riverfronttimes.com/newsblog/2013/09/23/randy-lee-jones-21-killed-three-injured-in-north-st-louis-shooting-homicide-no-75
"September 24, 2013",West Virginia,Huntington,300 W 7th Ave,0,6,http://www.gunviolencearchive.org/incident/480691,http://www.wvnstv.com/story/23520830/update-suspect-in-huntington-wv-shooting-which-injured-6-apprehended-in-ny
"September 25, 2013",North Carolina,Haw River,1003 W. Main St,0,4,http://www.gunviolencearchive.org/incident/480700,http://www.thetimesnews.com/article/20140604/news/306049850
"September 27, 2013",Ohio,Zanesville,753 Putnam Ave,0,4,http://www.gunviolencearchive.org/incident/480720,http://www.zanesvilletimesrecorder.com/story/news/local/2015/03/30/wilson-gets-years-life-shootings/70687002/
"September 29, 2013",Illinois,Chicago,6000 block of South Indiana Avenue,0,4,http://www.gunviolencearchive.org/incident/480730,http://chicago.cbslocal.com/2013/09/28/four-hurt-in-washington-park-shooting/
"October 2, 2013",Nebraska,Omaha,North 42nd and Browne streets,0,4,http://www.gunviolencearchive.org/incident/480747,http://www.wowt.com/news/headlines/Seven-Injured-In-Overnight-Shootings-226275981.html
"October 5, 2013",Indiana,Fort Wayne,2020 Hobson Rd,1,1,http://www.gunviolencearchive.org/incident/670964,http://www.21alive.com/news/local/Hobson-Rd-Shooting-Victim-In-Critical-Condition-226489941.html
"October 5, 2013",California,Fresno,3883 E. Calwa #114,1,12,http://www.gunviolencearchive.org/incident/480765,http://sanfrancisco.cbslocal.com/2013/10/06/gunfight-fresno-motorcycle-club/
"October 5, 2013",New York,Buffalo,102 Zelmer Street,0,4,http://www.gunviolencearchive.org/incident/480882,http://www.buffalonews.com/city-region/police-blotter/four-shot-outside-zelmer-street-party-20131006
"October 6, 2013",Arizona,Avondale,11120 W Van Buren St,0,4,http://www.gunviolencearchive.org/incident/480897,http://www.cbs5az.com/story/23622666/pd-4-shot-during-party-at-avondale-apartment
"October 6, 2013",Pennsylvania,Philadelphia,54th St. and Florence Ave,1,5,http://www.gunviolencearchive.org/incident/480961,
"October 7, 2013",New Jersey,Tabernacle,US 206,1,0,http://www.gunviolencearchive.org/incident/984965,http://www.burlingtoncountytimes.com/news/20171109/trenton-man-resentenced-to-life-for-tabernacle-murder
"October 9, 2013",Texas,Paris,400 block of NE 6th Street,4,0,http://www.gunviolencearchive.org/incident/480981,http://dfw.cbslocal.com/2013/10/10/witness-comes-forward-in-quadruple-homicide-in-paris-texas/
"October 12, 2013",Oklahoma,Tulsa,12000 E 31st St,0,5,http://www.gunviolencearchive.org/incident/481029,http://www.tulsaworld.com/news/courts/victims-in-hmong-festival-shooting-suing-event-center-alleging-negligent/article_63f3c896-f0e2-59ff-ba59-5f37432cacbf.html
"October 13, 2013",Pennsylvania,Wilkes Barre,650 S Main St,1,0,http://www.gunviolencearchive.org/incident/1007851,http://www.timesleader.com/news/685608/prosecutors-show-video-of-shooting-in-dj-mo-homicide-case
"October 13, 2013",Pennsylvania,Harrisburg,1524 Walnut St,0,8,http://www.gunviolencearchive.org/incident/481043,http://www.pennlive.com/midstate/index.ssf/2013/10/police_confirm_eight_people_sh.html
"October 20, 2013",Florida,Margate,7400 block of Santa Monica Drive,0,4,http://www.gunviolencearchive.org/incident/481254,http://www.margatenews.net/3909/123772/a/shooting-in-margate-retaliation-for-murder-of-gang-leaders-mom
"October 20, 2013",Florida,Miami,19600 block of Southwest 168th Street,2,2,http://www.gunviolencearchive.org/incident/481263,http://www.local10.com/news/local/2-killed-2-injured-in-shooting-at-cock-fighting-event_20151127211045545
"October 21, 2013",Pennsylvania,Pittsburgh (Homewood),7200 block of Kelly Street,2,5,http://www.gunviolencearchive.org/incident/481268,http://www.wtae.com/news/local/allegheny/two-people-shot-at-homewood-club/22532992u
"October 26, 2013",Florida,Miami Gardens,NW 187 Street and 30 Avenue,0,4,http://www.gunviolencearchive.org/incident/481419,http://miami.cbslocal.com/2013/10/27/four-injured-in-miami-gardens-shooting/
"October 26, 2013",Arizona,Phoenix,17th Avenue and Hazelwood Street,5,0,http://www.gunviolencearchive.org/incident/492325,http://www.usatoday.com/story/news/nation/2013/10/28/phoenix-quadruple-shooting/3292871/
"October 26, 2013",Connecticut,New Haven,85 Saint John St,1,5,http://www.gunviolencearchive.org/incident/492366,http://www.nhregister.com/article/NH/20151110/NEWS/151119975
"October 27, 2013",Texas,Beaumont,500 block of Edgemore Drive,0,4,http://www.gunviolencearchive.org/incident/492427,http://www.12newsnow.com/story/23799456/four-injured-in-beaumont-shooting
"October 27, 2013",California,Roseville,6th Street and Hampton,0,4,http://www.gunviolencearchive.org/incident/492699,http://www.capradio.org/articles/2013/10/25/roseville-manhunt-for-suspect-in-officer-involved-shooting/
"October 27, 2013",North Carolina,Southern Pines,115 Turner St,1,4,http://www.gunviolencearchive.org/incident/492393,http://abclocal.go.com/wtvd/story?section=news/local&id=9308137
"October 27, 2013",California,Vallejo,200 block of Princeton Avenue,1,6,http://www.gunviolencearchive.org/incident/492570,http://www.dailyrepublic.com/news/crimecourts/police-1-dead-after-8-shot-while-changing-flat-tire/
"October 29, 2013",South Carolina,Bradley (Callison),Callison Highway,5,0,http://www.gunviolencearchive.org/incident/492914,http://www.nbcnews.com/news/other/six-people-found-shot-death-south-carolina-home-f8C11494274
"November 2, 2013",Kentucky,Radcliff,355 Shelby Avenue,1,3,http://www.gunviolencearchive.org/incident/492933,http://www.wdrb.com/story/23911589/residents-hoping-for-an-arrest-in-deadly-radcliff-shooting
"November 3, 2013",California,Perris,2900 block of Perris Boulevard,0,5,http://www.gunviolencearchive.org/incident/492985,http://www.menifee247.com/2013/11/suspect-vehicle-in-driveby-shooting-located-in-menifee.html
"November 3, 2013",California,Los Angeles,1 World Way,1,3,http://www.gunviolencearchive.org/incident/492950,https://www.lawa.org/uploadedFiles/LAX/LAWA%20T3%20After%20Action%20Report%20March%2018%202014.pdf
"November 5, 2013",District of Columbia,Washington,3900 block of Minnesota Ave,0,4,http://www.gunviolencearchive.org/incident/492999,http://www.nbcwashington.com/news/local/Four-Reportedly-Shot-in-Northeast-DC-230848981.html
"November 5, 2013",Florida,Jacksonville,1100 block of Randolph,4,0,http://www.gunviolencearchive.org/incident/493109,http://jacksonville.com/breaking-news/2013-11-08/story/surveillance-footage-may-have-hints-about-vehicle-involved
"November 7, 2013",Michigan,Detroit,Conley and 7 Mile,3,7,http://www.gunviolencearchive.org/incident/493035,http://www.usatoday.com/story/news/nation/2013/11/07/detroit-barber-shop-shooting/3463983/
"November 9, 2013",Texas,Cypress,7300 block of Enchanted Creek Drive,2,16,http://www.gunviolencearchive.org/incident/493842,http://www.dailymail.co.uk/news/article-2500592/Teen-killed-Texas-party-shootings-Queric-Richardson-pictured.html
"November 10, 2013",Arizona,Phoenix,5800 South 53rd Glen,1,3,http://www.gunviolencearchive.org/incident/493863,http://www.abc15.com/news/region-phoenix-metro/south-phoenix/phoenix-pd-deadly-shooting-involved-rival-gang-members
"November 10, 2013",Ohio,Canton,1215 Tuscarawas St W,1,3,http://www.gunviolencearchive.org/incident/493893,http://fox8.com/2013/11/10/1-killed-3-injured-in-canton-bar-shooting/
"November 11, 2013",New York,Brooklyn,318 Maujer St,4,1,http://www.gunviolencearchive.org/incident/493882,http://nypost.com/2013/11/11/gunman-three-others-dead-in-brooklyn-bloodshed/
"November 15, 2013",Texas,Houston,4400 block of Tiffany,1,3,http://www.gunviolencearchive.org/incident/494033,http://english.cntv.cn/20131117/100728.shtml
"November 20, 2013",Texas,Houston,8200 block of Sunbury,3,2,http://www.gunviolencearchive.org/incident/494072,http://abc13.com/archive/9337822/
"November 21, 2013",Pennsylvania,Philadelphia,1400 block of N. 60th Street,0,4,http://www.gunviolencearchive.org/incident/494116,http://philadelphia.cbslocal.com/2013/11/21/polcie-investigate-quadruple-shooting-in-west-philadelphia/
"November 22, 2013",Pennsylvania,Philadelphia,Westminster Ave and Paxson St,0,1,http://www.gunviolencearchive.org/incident/964582,http://www.philly.com/philly/news/crime/feds-charge-13-in-w-philly-drug-gang-war-20171019.html
"November 22, 2013",Pennsylvania,Philadelphia,5100 Parrish St,0,1,http://www.gunviolencearchive.org/incident/964576,http://www.philly.com/philly/news/crime/feds-charge-13-in-w-philly-drug-gang-war-20171019.html
"November 23, 2013",Oklahoma,Tulsa,Pine Street and Harvard Avenue,4,1,http://www.gunviolencearchive.org/incident/494155,http://www.tulsaworld.com/news/crimewatch/leads-are-few-in-nov-quadruple-homicide-tulsa-police-say/article_2b1f879d-639e-53cd-9b2d-fb2c931bd46e.html
"November 25, 2013",California,Oakland,96th Avenue and Olive Street,0,7,http://www.gunviolencearchive.org/incident/495145,http://abc7news.com/archive/9339708/
"November 25, 2013",Minnesota,Minneapolis,1611 E Lake St,1,3,http://www.gunviolencearchive.org/incident/494215,http://blogs.mprnews.org/cities/2014/01/no-one-wished-him-happy-birthday-2013-gun-crime-in-hennepin-county/
"November 28, 2013",New York,Rochester,St. Paul Boulevard and Andrews Street,0,4,http://www.gunviolencearchive.org/incident/495171,http://www.democratandchronicle.com/story/news/local/2013/12/02/4-identified-in-st-paul-shooting/3821037/
"November 29, 2013",Indiana,Indianapolis,3400 block of East 34th Street,0,4,http://www.gunviolencearchive.org/incident/495178,http://fox59.com/2013/11/30/three-teens-shot-after-east-side-house-party-gets-out-of-control/
"November 29, 2013",California,Fresno,Oleander and Modoc,0,4,http://www.gunviolencearchive.org/incident/495195,http://abc30.com/archive/9344154/
"November 30, 2013",Georgia,Valdosta,Gordon Street and North Ashley Street,0,4,http://www.gunviolencearchive.org/incident/495268,http://www.wctv.tv/home/headlines/233942891.html
"November 30, 2013",Michigan,Lansing,N/A,0,5,http://www.gunviolencearchive.org/incident/495323,http://www.wilx.com/home/headlines/Police-5-Shot-during-fight-at-Lansing-house-party-233939131.html
"December 1, 2013",Florida,Miami,NW 64th Street and 12th Avenue,2,2,http://www.gunviolencearchive.org/incident/495347,http://www.nbcmiami.com/news/4-Women-Shot-2-Dead-in-Liberty-City-Shooting-Police-234002001.html
"December 1, 2013",Pennsylvania,Derry,NA,1,0,http://www.gunviolencearchive.org/incident/972570,http://wccsradio.com/whitfield-denied-motion-for-relief-in-murder-case/
"December 1, 2013",Kansas,Topeka,1629 SW Central Park,4,0,http://www.gunviolencearchive.org/incident/495332,http://www.kake.com/home/headlines/Three-dead-one-injured-in-Topeka-shooting-234030831.html?ref=831
"December 7, 2013",Pennsylvania,York,N George St and North St,1,0,http://www.gunviolencearchive.org/incident/979523,http://www.pennlive.com/news/2017/11/pas_most_wanted_murder_suspect_1.html#incart_river_index
"December 7, 2013",Delaware,Wilmington,3421 Kirkwood Hwy,0,4,http://www.gunviolencearchive.org/incident/495374,http://www.philly.com/philly/news/Police_Four_shot_outside_Meek_Mill_concert.html
"December 14, 2013",North Carolina,Statesville,167 Wallace Springs,0,4,http://www.gunviolencearchive.org/incident/495506,http://www.wsoctv.com/news/news/local/police-4-teens-shot-statesville-birthday-party/ncMY7/
"December 15, 2013",Texas,Channelview,900 block of Ashland Boulevard,0,5,http://www.gunviolencearchive.org/incident/495530,http://www.wfaa.com/story/news/crime/2014/08/20/14141842/
"December 15, 2013",Florida,Homestead (Florida City),7th Avenue and 13th Terrace,1,3,http://www.gunviolencearchive.org/incident/495543,http://miami.cbslocal.com/2013/12/14/florida-city-shooting-leaves-four-in-the-hospital/
"December 21, 2013",New Jersey,Trenton,Jersey Street and Home Avenue,1,4,http://www.gunviolencearchive.org/incident/495548,http://newjersey.news12.com/news/brandon-varlow-killed-4-others-hurt-in-trenton-drive-by-shooting-1.6660970
"December 21, 2013",North Carolina,Shelby,Jose Street,0,4,http://www.gunviolencearchive.org/incident/495557,http://www.shelbystar.com/20131223/police-4-hit-in-shooting-suspects-sought/312239900
"December 22, 2013",Michigan,Muskegon,2300 block of W McMillan Rd,1,3,http://www.gunviolencearchive.org/incident/495566,http://www.mlive.com/news/muskegon/index.ssf/2013/12/armed_and_dangerous_deontay_de.html
"December 25, 2013",New Jersey,Plainfield,Park Ave and E 9th St,1,0,http://www.gunviolencearchive.org/incident/1012298,http://www.nj.com/news/index.ssf/2017/12/police_call_on_publics_help_to_solve_2013_christma.html#incart_river_index
"December 25, 2013",New York,Medford,33A Cedarhurst Ave,1,3,http://www.gunviolencearchive.org/incident/495577,http://patch.com/new-york/patchogue/four-shot-one-fatally-at-medford-engine-shop
"December 25, 2013",New Jersey,Irvington,Nye Avenue and 21st Street,3,2,http://www.gunviolencearchive.org/incident/495588,http://www.nj.com/essex/index.ssf/2013/12/third_victim_identified_in_christmas_morning_shooting_at_an_irvington_go-go_bar.html
"December 26, 2013",Louisiana,Lockport,313 Tenth St,3,3,http://www.gunviolencearchive.org/incident/496584,http://www.houmatimes.com/news/article_72f25834-77e3-11e3-ab19-0019bb2963f4.html
"December 26, 2013",Louisiana,Slidell,2144 First St,2,6,http://www.gunviolencearchive.org/incident/496634,http://www.nola.com/crime/index.ssf/2013/12/arrest_made_in_old_towne_bar_s.html
"December 28, 2013",Alabama,Montgomery,954 Highland Ave,3,5,http://www.gunviolencearchive.org/incident/496668,http://www.montgomeryadvertiser.com/story/news/crime/2014/12/04/doe-lawsuit-city-heading-trial/19908277/
"December 29, 2013",California,Duarte,2400 block of El Toro Rd,0,2,http://www.gunviolencearchive.org/incident/93832,http://www.sgvtribune.com/general-news/20131229/two-men-wounded-in-duarte-deputy-involved-shooting
"December 29, 2013",New Jersey,Lodi,N/A,1,0,http://www.gunviolencearchive.org/incident/520496,http://www.northjersey.com/news/lodi-man-found-not-guilty-by-reason-of-insanity-in-grandmother-s-fatal-shooting-1.1526116
"December 31, 2013",New York,Brooklyn,60 Glenmore Ave,0,6,http://www.gunviolencearchive.org/incident/496684,http://www.nydailynews.com/new-york/brooklyn/5-shot-1-pistol-whipped-brooklyn-party-article-1.1562264
"December 31, 2013",Ohio,Barberton,300 block of Seventh Street Northeast,3,1,http://www.gunviolencearchive.org/incident/496703,http://www.wtol.com/story/24627406/prosecutors-get-confession-from-suspect-in-barberton-triple-murder
"December 31, 2013",California,Oakland,104th Ave and Walnut St,1,0,http://www.gunviolencearchive.org/incident/935147,http://www.eastbaytimes.com/2017/07/27/police-release-sketch-linked-to-unsolved-oakland-homicides/
